seller,domain
Amazon.fr,amazon.fr
Atmacha Home & Living,atmacha.com
Belfurn,belfurn.com
westwing.fr,westwing.fr
Mobilier1.fr,mobilier1.fr
Pickawood,pickawood.com
La Redoute,laredoute.fr
top-shelf.de,top-shelf.de
GVAwood,gvawood.com
NetFurniture,netfurniture.com
barockgrosshandel.de,barockgrosshandel.de
AndLight.com,andlight.com
ubuy.fr,ubuy.fr
Tiptoe,tiptoe.fr
Woodsala,woodsala.com
Les Petits,lespetits.com
Vivol.eu,vivol.eu
AliExpress - AliExpress-6002676022,aliexpress.com
Sarmog S.r.l,sarmog.it
Frama Space,framaspace.com
Hibashi Furniture,hibashi.com
Design4kids,design4kids.com
Domplex,domplex.com
cassimatis.gr,cassimatis.gr
Epipla1.gr,epipla1.gr
Smallable,smallable.com
westwing.gr,westwing.gr
rominafurniture.eu,rominafurniture.eu
Connox.com,connox.com
Justshop.gr,justshop.gr
rishop.gr,rishop.gr
ubuy.com.gr,ubuy.com.gr
castroseis,castroseis.com
Archiproducts Shop,archiproducts.com
Evilio Home,eviliohome.com
Evgör Mobilya,obi.de
Casa Padrino,casapadrino.com
Cocozi NL,cocozi.nl
Ando,ando.eu
eBay,ebay.com
SayRUG.com,sayrug.com
Piek Home,piekhome.com
SayRug.EU,sayrug.eu
Simple City,simplecity.ie
eBay - home-garden-furniture-shop,ebay.com
Lixra,lixra.com
RaWood Furniture,rawoodfurniture.com
butor-mirjan24.hu,butor-mirjan24.hu
VAS Bútor,vasbutor.hu
Carsi24,carsi24.com
Butor1.hu,butor1.hu
westwing.hu,westwing.hu
Made-in-China.com,made-in-china.com
eBay - mommashobbyvintage,ebay.com
roba-kids.com,roba-kids.com
Boozt.com,boozt.com
Aryga.com,aryga.com
Ingroferr,ingroferr.com
Royalzig Luxury Furniture,royalzig.com
Wasserman.eu,wasserman.eu
myghmarket.com,myghmarket.com
Brera Interni,brerainterni.com
Aosom EU,aosom.com
JYSK,jysk.com
IKEA Ireland,ikea.com
Murphy Furniture,murphyfurniture.ie
Wayfair.ie,wayfair.ie
Homeline Furniture,homelinefurniture.ie
West Norfolk Bed Outlet,westnorfolkbedoutlet.co.uk
Furniture24.ie,furniture24.ie
Caffreys Furniture,caffreysfurniture.ie
Rightstyle Furniture,rightstyle.ie
Clearhalo,clearhalo.com
Love Furniture,lovefurniture.ie
vidaXL.ie,vidaxl.ie
DFS Ireland,dfs.co.uk
EZ Living Interiors,ezlivinginteriors.ie
Slaneyside Furniture,slaneysidefurniture.ie
Easy Furniture IE,easyfurniture.ie
CJM Furniture,cjmfurniture.ie
The Right Buy Store,therightbuystore.ie
Cas Furniture,casfurniture.ie
Sena Furniture,senafurniture.ie
BedsandSofas.ie,bedsandsofas.ie
Interior Envy,interiorenvy.ie
Homebase Ireland,homebase.co.uk
Very,very.co.uk
Living and Company,livingandcompany.ie
Larry O'Keeffe Furniture,larryokeeffe.ie
Home Centre Direct,homecentredirect.ie
Treacy's Carpets and Furniture,treacys.ie
McDermott's House Furnishers,mcdermotts.ie
Habitium,habitium.com
vente-unique.ie,vente-unique.ie
B&Q Ireland,diy.com
Leroy Merlin,leroymerlin.com
Opendeel,opendeel.com
Il mobile classico italiano,obi.de
Amazon.it - Seller,amazon.it
Arredamento1.it,arredamento1.it
westwing.it,westwing.it
Restylit,restylit.com
Valdo Luxury,valdoluxury.com
Quax,quax.eu
Arredinitaly,arredinitaly.com
Kaufland.it - vidaXL,kaufland.it
Bone Inlay Arts,boneinlayarts.com
Drobe Luggage,drobe.com
IKEA,ikea.com
WOOOD.nl,woood.nl
Meubels1.nl,meubels1.nl
Wehkamp,wehkamp.nl
Huisenthuis.nl,huisenthuis.nl
westwing.nl,westwing.nl
StyleMeubels.nl,stylemeubels.nl
Woonexpress,woonexpress.nl
Loods 5,loods5.nl
Baby en Tiener Megastore,babyentiener.nl
Phantom Furniture,phantomfurniture.com
Granada Maison,granadamaison.com
westwing.pl,westwing.pl
premiumXL Polska,premiumxl.pl
The Oblist,theoblist.com
Lamoda,lamoda.ru
ventis.com,ventis.com
Pamono.eu,pamono.eu
vidaXL.pl,vidaxl.pl
Finnish Design Shop,finnishdesignshop.com
MontiKido,montikido.com
Moveis.pt,moveis.pt
westwing.pt,westwing.pt
Conforama Portugal,conforama.fr
Worten.pt,worten.pt
Sílaba,silaba.pt
Aosom Portugal,aosom.com
makro.pt,makro.pt
IKEA Schweiz,ikea.com
galaxus.ch,galaxus.ch
Milola.ch,milola.ch
Möbel1.ch,bel1.ch
La Redoute Switzerland,laredoute.fr
westwing.ch,westwing.ch
MyLittleRoom,mylittleroom.ch
deindeal.ch,deindeal.ch
Silvera,silvera.com
MyStore.ch,mystore.ch
Décoration d'Autrefois,decorationdautrefois.com
Goodform.ch,goodform.ch
mutoni möbel,mutoni.ch
de.vidaxl.ch,de.vidaxl.ch
Mooris.ch,mooris.ch
digitec.ch,digitec.ch
BOLIA,bol.com
wehomzfurn.com,wehomzfurn.com
Amazon.co.uk - Amazon.co.uk-Seller,amazon.co.uk
The Range,therange.co.uk
Argos,argos.co.uk
Office Furniture Direct,officefurnituredirect.co.uk
London Graphic Centre - Free Listings,londongraphics.co.uk
Tesco,tesco.com
Amazon.co.uk,amazon.co.uk
Debenhams,debenhams.com
bisleydirect.co.uk,bisleydirect.co.uk
B&Q,diy.com
ryman.co.uk,ryman.co.uk
Workplace Stuff,workplacestuff.co.uk
Kirkhouse Furniture,kirkhouse.co.uk
Discount Office Furniture,discountofficefurniture.co.uk
UK Office Direct,ukofficedirect.co.uk
Jarrolds Department Store,jarrolds.co.uk
Hopo furniture,hopofurniture.co.uk
Wayfair.co.uk,wayfair.co.uk
hulalahome.uk,hulalahome.uk
121 Office Furniture,121officefurniture.co.uk
vernalspace.co.uk,vernalspace.co.uk
Flogit2us.com,flogit2us.com
Staples UK,staples.com
Lakiq.com,lakiq.com
Aosom.co.uk,aosom.co.uk
Paperstone,paperstone.co.uk
Office Boffins,officeboffins.co.uk
Black Country Metal Works,blackcountrymetalworks.co.uk
Homebase,homebase.co.uk
The Sleep Shop,thesleepshop.co.uk
Furniture Village,furniturevillage.co.uk
National Office Furniture,nationalofficefurniture.co.uk
Office Furniture Tech,officefurnituretech.co.uk
Purus Life,puruslife.co.uk
Harvey Norman,harveynorman.com
Fishpools,fishpools.co.uk
The Dormy House,thedormyhouse.com
Kings Office Furniture,kingsofficefurniture.co.uk
gls. Educational Supplies,glseducational.co.uk
Office Supermarket - Listings,officesupermarket.co.uk
Garden Chic,gardenchic.co.uk
Online Reality Furniture,onlinerealityfurniture.co.uk
PrinceGB,princegb.co.uk
TTS Group,tts-group.co.uk
Thats My Office,thatsmyoffice.co.uk
leekes.co.uk,leekes.co.uk
Trade Warehouse,tradewarehouse.co.uk
Shimu,shimu.co.uk
Workspace Design,workspacedesign.co.uk
Wilko,wilko.com
Möbelix,moebelix.at
vidaXL.at,vidaxl.at
Homary.com,homary.com
Beliani.at,beliani.at
tectake.at,tectake.at
Kave Home,kavehome.com
FerraroStore SNC,ferrarostore.com
Homary DE,homary.com
Incapcorp,incapcorp.com
Recycleart Design Group s.r.l.,recycleart.com
teakoutlet.de,teakoutlet.de
Newport Home Interiors,newporthomeinteriors.com
Heritage Home UK,heritagehome.co.uk
TieDex,tiedex.com
XXXLutz AT,xxxlutz.com
Fireflies Designs,firefliesdesigns.com
Objekte Unserer Tage,objekteunserertage.com
eBay - monster_retail,ebay.com
Kaufland.at - WMK-Trading-,kaufland.at
Smyths Homevalue,smyths.com
Nordic ProStore,nordicprostore.com
Velan Store,velanstore.com
The Best Adirondack Chair Europe,theadirondackchaircompany.co.uk
Sellme.ee,sellme.ee
entze.com,entze.com
My Aashis,myaashis.com
Arkana Private,arkana.com
PentoleProfessionali,pentoleprofessionali.it
Amazon.com.be - Seller,amazon.com.be
idmarket.be,idmarket.be
Aosom.fr,aosom.fr
Joybuy.nl,joybuy.nl
Tuinmeubelshop,tuinmeubelshop.nl
fr.vidaxl.be,fr.vidaxl.be
Hubo.be,hubo.be
nl.vidaxl.be,nl.vidaxl.be
Diiiz.com,diiiz.com
Defora Home,deforahome.com
Dumas Design,dumasdesign.com
Thatlyfestyle,thatlyfestyle.com
westwing.be,westwing.be
bol,bol.com
MASHLiving.com,mashliving.com
bol.com,bol.com
Amazon.com.be,amazon.com.be
Gardenfurniturediscount.com,gardenfurniturediscount.com
olagiatoepiplo,olagiatoepiplo.gr
Amazon.de - Amazon.de-Seller,amazon.de
OTTO,otto.de
Beliani.de,beliani.de
deubaxxl.de,deubaxxl.de
XXXLutz DE,xxxlutz.com
CHECK24,check24.de
IKEA Deutschland,ikea.com
Amazon.de,amazon.de
Deuba,deuba.info
Rural handmade,ruralhandmade.com
Reyna Möbel,reynamoebel.de
vidaXL.de,vidaxl.de
ManoMano.de,manomano.de
Yorkshire Outdoor Activity Park,yorkshireoutdooractivitypark.co.uk
Beliani DE,beliani.com
bauhaus.info,bauhaus.info
Limango DE,limango.de
Plantroops United Kingdom,plantroops.com
NO GA,no-ga.com
DC Concept,dcconcept.fr
Hood.de - supply24,hood.de
Beliani DK,beliani.com
vidaXL.dk,vidaxl.dk
Dadolo.com,dadolo.com
Mobler1.dk,mobler1.dk
Kenay Home,kenayhome.com
Klast Home,klasthome.com
westwing.dk,westwing.dk
Purified Furniture,purifiedfurniture.com
Damgaards-Bolighus,bol.com
Life at Goodiez,lifeatgoodiez.com
eBay - evre-uk,ebay.com
trimmcopenhagen.com,trimmcopenhagen.com
The Mob Collective,themobcollective.com
eBay - camping_and_leisure1959,ebay.com
beliani.es,beliani.es
Amazon.es - Seller,amazon.es
Brico Depôt ES,brico.be
Conforama España,conforama.fr
Leroy Merlin España,leroymerlin.com
Maisons du Monde,maisonsdumonde.com
Sp-Berner,sp-berner.com
ubuy.com.es,ubuy.com.es
Hulténs EU,hultens.com
De Tropen,detropen.nl
Mebel Home,mebelhome.com
Muebles.es,muebles.es
Encompass Furniture,encompassco.com
Maisons du Monde Marketplace ES,maisonsdumonde.com
ManoMano.es,manomano.es
Luxonas Home,luxonas.com
PATIO.garden,patio.garden
vidaXL.es,vidaxl.es
Miravia,miravia.com
Carrefour,carrefour.com
Lunares.eu,lunares.eu
codima.com,codima.com
Bob the bed,bobthebed.co.uk
Courthouse Interiors,courthouseinteriors.com
In & Out Furniture,inandoutfurniture.com
Kaluste Duo,kalustedu o.fi
eBay - perfect-garden,ebay.com
eBay - 2011homcom,ebay.com
Microless.com,microless.com
vidaXL.fi,vidaxl.fi
Zoco Home,zocohome.com
eBay - outsunny,ebay.com
The Worm that Turned,worm.co.uk
Luminesy,luminesy.com
Homary FR,homary.com
Beliani FR,beliani.com
Gardenway.fr,gardenway.fr
vidaXL.fr,vidaxl.fr
Rit Concept,ritconcept.com
Groupon FR,groupon.com
Arkana Living,arkanaliving.com
Afanaya,afanaya.com
Hooseng,hooseng.com
Arredamenti Giava,arredamentigiava.it
Airnest,airnest.com
Garvee FR,garvee.com
VXB.com Bearings,vxb.com
ilumia.pl,ilumia.pl
Megafuchs Versandhandel,megafuchs.de
stewartandgibson.co.uk,stewartandgibson.co.uk
Weilai Concept,weilaiconcept.com
Maisons du Monde Marketplace,maisonsdumonde.com
Kave Home Greece,kavehome.com
BestSeedsOnline.com,bestseedsonline.com
vidaXL.gr,vidaxl.gr
fmdesignelements.com,fmdesignelements.com
sarayhome,sarayhome.com
Area Domus,areadomus.gr
Clickforshop.gr,clickforshop.gr
Diffusione Luce Shop,diffusioneluce.com
Mobili Fiver,obi.de
Epiplo Deco - Furniture & Interior,epiplodeco.gr
Sioutis HomeCare,sioutis.gr
vidaXL.hu,vidaxl.hu
mimi baldai,mimibaldai.lt
eBay - euroelectronics_eu,ebay.com
Brico,brico.be
HAY.nl,hay.nl
Drent en van Dijk shop,drentenvandijk.nl
tribejoinery.co.uk,tribejoinery.co.uk
GRAUS wonen,grauswonen.nl
by Crea,bycrea.nl
Living Essentials,livingessentials.nl
TOLIX,tolix.fr
Homestorys,homestorys.nl
Zonnewende - Out & Indoor Furniture,zonnewende.nl
LampTwist,lamptwist.com
Spryinterior,spryinterior.com
AmbienteDirect.com,ambientedirect.com
Not A Boring Box,notaboringbox.com
HomeDeco.nl,homedeco.nl
detjer.com/en,detjer.com
eBay - palazzo24-de,ebay.com
DanDiBo,dandibo.de
vevor.fr,vevor.fr
Depot Design,depotdesign.com
conmoto Offiziell,conmoto.com
Chez Pluie,chezpluie.com
nordic decoration,nordicdecoration.com
SupplyVan.com,supplyvan.com
Ben Simpson Furniture,bensimpsonfurniture.com
germes.com,germes.com
einrichten-design.de,einrichten-design.de
Scandinavia Design,scandinaviadesign.com
otto.de,otto.de
westwing.de,westwing.de
OBI.de,obi.de
smow,smow.com
Reevela,reevela.com
Mondoviro.com,mondoviro.com
Slowdown.de,slowdown.de
motea.com,motea.com
eBay - black-country-metal-works,ebay.com
eBay - home-source,ebay.com
MK2Shop,mk2shop.com
eBay - dunnet_tools,ebay.com
TopArredi,toparredi.it
materdesign.com,materdesign.com
MobilidiDesign.it,mobilididesign.it
rincondelmueble.com,rincondelmueble.com
! OutdoorXL.eu,outdoorxl.eu
blomus.com,blomus.com
Beliani.fi,beliani.fi
Kodin1.com,kodin1.com
eBay - zetecs200o,ebay.com
boutiquehuleti.com,boutiquehuleti.com
Wilhelmina Designs,wilhelminadesigns.com
Amazon.fr - Seller,amazon.fr
outsunny.fr,outsunny.fr
MOHD,mohd.it
Castorama,castorama.fr
home24.fr,home24.fr
design-bestseller.fr,design-bestseller.fr
ManoMano.fr,manomano.fr
Moodntone,moodntone.com
showood.gr,showood.gr
DesignVille.eu,designville.eu
Byflou.com,byflou.com
Amazon.ie,amazon.ie
Aosom Ireland,aosom.com
Laura James,laurajames.co.uk
Maison En Vogue UK,maisonenvogue.co.uk
CountryLife.ie,countrylife.ie
Sklum,sklum.com
Heavins.ie,heavins.ie
McKennas.ie,mckennas.ie
Beliani UK,beliani.com
SLF24.ie,slf24.ie
The Outdoor Scene,theoutdoorscene.ie
Abwood,abwood.ie
internionline.it,internionline.it
Design Republic,designrepublic.com
Serralunga,serralunga.com
beliani.it,beliani.it
ManoMano.it,manomano.it
Sediarreda.com,sediarreda.com
TavoliSedie.com,tavolisedie.com
ePRICE.it,eprice.it
vidaXL.it,vidaxl.it
vevor.it,vevor.it
Centrosedia S.r.l.,centrosedia.com
Longho,longho.it
Amazon.es,amazon.es
Decathlon.es,decathlon.es
Homesplex,homesplex.com
Coast New Zealand,coast.co.nz
mygind.co.uk,mygind.co.uk
Made Milano,mademilano.com
eBay - the_gardenmarketplace,ebay.com
Casa Design Shop,casadesignshop.com
COZIP,cozip.com
Casapatio.shop,casapatio.shop
BaliSouk,balisouk.com
The House Of Things,thehouseofthings.com
Tode Home,todehome.com
SalesDepot,bricodepot.fr
AlmiDécor,almidecor.com
Guteform,guteform.de
glass-slipper.co,glass-slipper.co
Franckly,franckly.com
berger-camping.com,berger-camping.com
Novità Home,novitahome.com
qechic.co.uk,qechic.co.uk
Valhalla Living Webshop,valhallaliving.com
eBay - cmydeals4u,ebay.com
eBay - urbn-living,ebay.com
eBay - giftdealsuk,ebay.com
Royal Design FI,royaldesign.com
Sybartum,sybartum.com
Gaia's Roots,gaiasroots.com
FinnishDesignShop.fi,finnishdesignshop.fi
Wigiwama,wigiwama.com
NordicNest.fi,nordicnest.fi
Snow Peak UK,snowpeak.com
Mobellia,mobellia.com
Voltex,voltex.co.uk
MX Home,mxhome.fr
Designisthis.com,designisthis.com
eBay - euroelectronics_uk,ebay.com
Kave Home partner,kavehome.com
eBay - ukleisureworld,ebay.com
Homary ES,homary.com
OnBuy.com,onbuy.com
Alasans.ie,alasans.ie
eBay - stewart_and_gibson_ltd,ebay.com
remo-home.fr,remo-home.fr
AndLight.it,andlight.it
Stil-Ambiente,stil-ambiente.de
Classicdesign.it,classicdesign.it
Beliani Nederland,beliani.com
troispommeshome.com,troispommeshome.com
ubuy.co.nl,ubuy.co.nl
vevor.nl,vevor.nl
eBay - glstore18,ebay.com
eBay - athleticsshop2018,ebay.com
Beliani PL,beliani.com
Deesup,deesup.com
beliani.pt,beliani.pt
eBay - sellingoods_365,ebay.com
Alarus Interiors,alarusinteriors.com
Nismaaya Decor,nismaaya.com
myitalianliving,myitalianliving.com
Bauhaus Movement,bauhaus.info
MetalDecorations.co.uk,metaldecorations.co.uk
eBay - uniquehandicraftsind,ebay.com
EZ Living Furniture,ezlivinginteriors.ie
Corcoran's Furniture,corcorans.ie
meubles.ie,meubles.ie
Diamond Furniture,diamondfurniture.ie
PODFurniture.ie,podfurniture.ie
J&B Furniture,jandbfurniture.ie
Furnirem,furnirem.com
foxford.com,foxford.com
Harvey Norman Ireland,harveynorman.com
Lowneys Furniture,lowneys.ie
woodesign.ie,woodesign.ie
Avivra,avivra.com
Kian furniture,kianfurniture.ie
Etsy - 7MAGOK,etsy.com
BulbSquare,bulbsquare.com
OwnKoti,ownkoti.com
1stdibs.com,1stdibs.com
fonQ NL,fonq.nl
Imagineoutlet.com,imagineoutlet.com
Healsway.io,healsway.io
bruunmunch.com,bruunmunch.com
furniture-brw.co.uk,furniture-brw.co.uk
Decowood,decowood.com
homycasa.pt,homycasa.pt
BoConcept,boconcept.com
GUBI.com,gubi.com
Antarte,antarte.pt
The Loft,theloft.com
Bruno Wickart,brunowickart.ch
eichholtzidhouse.com,eichholtzidhouse.com
zen-zone.ch,zen-zone.ch
Bloomingloft,bloomingloft.com
KARE,kare-design.com
The Lacquer Company,thelacquercompany.com
Beliani.no,beliani.no
Northern,northern.no
Nordiska Galleriet NO,nordiskagalleriet.se
Tannum møbler,tannum.no
eBay - furnizoneonline,ebay.com
Dunelm,dunelm.com
DUSK,dusk.com
Next,next.co.uk
daals,daals.co.uk
M&S,marksandspencer.com
OKA,oka.com
Furniture&Choice,furniturechoice.co.uk
OakFurnitureland,oakfurnitureland.co.uk
Furniture 123,furniture123.co.uk
Sports Direct UK,sportsdirect.com
DFS,dfs.co.uk
West Elm UK,westelm.co.uk
Lucas Furniture,casfurniture.ie
Barker & Stonehouse,barkerandstonehouse.co.uk
Frasers,frasers.com
Furniturebox,furniturebox.co.uk
Roseland Furniture,roselandfurniture.com
Olivia's,olivias.com
Abigail Ahern,abigailahern.com
John Lewis,johnlewis.com
vevor.de,vevor.de
westwing.at,westwing.at
NordicNest.de,nordicnest.de
Mebway.com,mebway.com
Little Helper,littlehelper.co.uk
eBay - woltu_gmbh,ebay.com
muellermoebel.de,muellermoebel.de
raum-blick.de,raum-blick.de
Next Ireland,next.co.uk
AliExpress - AliExpress-6191956720,aliexpress.com
eBay - daily-deals-ltd,ebay.com
Woltu.eu,woltu.eu
AliExpress,aliexpress.com
ie.relaxdays.com,ie.relaxdays.com
novasolo.eu,novasolo.eu
shop.kemmlit.de,shop.kemmlit.de
STIPA,stipa.it
AliExpress - AliExpress-6002152808,aliexpress.com
galaxus.nl,galaxus.nl
eBay - spreetail,ebay.com
eBay - tiffanyhomeproducts,ebay.com
eBay - aquatics4all,ebay.com
vevor.pl,vevor.pl
Sage & Sill,sageandsill.com
abitarearreda.it,abitarearreda.it
stocubo.de,stocubo.de
Naan Furniture,naanfurniture.com
Etsy,etsy.com
Regalraum.com,regalraum.com
Etsy - IVYOCARPENTRY,etsy.com
Songmicshome,songmics.com
ManoMano.co.uk,manomano.co.uk
manutan.co.uk,manutan.co.uk
eBay - little_goosie,ebay.com
ok-living.co.uk,ok-living.co.uk
anneliesebates.co.uk,anneliesebates.co.uk
ecfurniture.co.uk,ecfurniture.co.uk
Alondra Baby,alondra.com
Baby Elegance EU,babyelegance.com
ROMY Kindermöbel,romy-kindermoebel.de
FabiMax,fabimax.de
linglux.co.uk,linglux.co.uk
eBay - bulk-warehouse-supplies,ebay.com
YappyKids.com,yappykids.com
Engelundbengel.com,engelundbengel.com
HoltAtelier,holtatelier.com
eBay - selfimedltd,ebay.com
Waddle & Roo,waddleandroo.com
Bygge Bo,byggebo.dk
lanomeubles.fr,lanomeubles.fr
Kadolis,kadolis.com
Kidznbaby,kidznbaby.com
tweeto,tweeto.com
eBay - nononsenseshop,ebay.com
The Regal Art,theregalart.com
Dreams,dreams.co.uk
Bensons for Beds,bensonsforbeds.co.uk
JD Williams,jdwilliams.co.uk
Habitat,habitat.co.uk
Heal's,heals.com
eBay - bs-moebel_de,ebay.com
Nordic Soul,nordicsoul.pl
MOEBE,moebe.dk
frenchfurnitureorlando.com,frenchfurnitureorlando.com
Kalamkaar Furniture,kalamkaar.com
Meubels1.be,meubels1.be
fruugo.be,fruugo.be
elisamobilya,obi.de
Lanomoebel.de,lanomoebel.de
Galaxus,galaxus.ch
Lanomeble.pl,lanomeble.pl
Soho Home,sohohome.com
Lanomobler.dk,lanomobler.dk
IKEA Islas,ikea.com
Vente-unique.es,vente-unique.es
Huonekalut1.fi,huonekalut1.fi
ubuy.fi,ubuy.fi
AliExpress - AliExpress-6290877011,aliexpress.com
eBay - janan_interiors,ebay.com
eBay - kudas2495770,ebay.com
eBay - sukh3637,ebay.com
Futonnetti Oy,futonnetti.fi
Designersofas4u.co.uk,designersofas4u.co.uk
Caseys Furniture,caseysfurniture.ie
Peacock Life,peacocklife.com
the urban company,theurbancompany.ie
My Club Chair,myclubchair.com
HomeDor,homedor.com
Stockhouse Interiors,stockhouseinteriors.ie
Miliboo.it,miliboo.it
Amazon.it,amazon.it
Deplain.com,deplain.com
MyAreaDesign.it,myareadesign.it
Pamono.it,pamono.it
Mobili Polizzi,obi.de
eBay - david-r-robinson,ebay.com
Fabriek.NL BV Morentz,fabriek.nl
indianmeble.pl,indianmeble.pl
Twojemeble.pl,twojemeble.pl
smow.ch,smow.ch
Royal Design CH,royaldesign.com
Royal Design NO,royaldesign.com
Glassoginterior.no,glassoginterior.no
The Chesterfield Company,thechesterfieldcompany.com
Timeless Chesterfields,timelesschesterfields.com
sofa.com,sofa.com
John Lewis & Partners,johnlewis.com
Nisbets.co.uk,nisbets.co.uk
Stokers Furniture,stokers.co.uk
Dusty Deco,dustydeco.com
Royal Design AT,royaldesign.com
La Redoute com,laredoute.fr
Varier Furniture,varierfurniture.com
Evanyrouse,evanyrouse.com
BoConcept AT,boconcept.com
Leibal,leibal.com
Moanne,moanne.com
Yiassu.com,yiassu.com
101domus.com,101domus.com
Milk Concept Boutique,milkconceptboutique.com
laredoute.be,laredoute.be
smow.fr,smow.fr
AliBene.eu,alibene.eu
ibfor.com,ibfor.com
notoria.de,notoria.de
LA Luxury Design,laluxurydesign.com
Homestyle4u,homestyle4u.com
AliExpress - AliExpress-7868101743,aliexpress.com
AliExpress - AliExpress-2639089794,aliexpress.com
Get Laid Beds NL,getlaidbeds.co.uk
sixay furniture,sixay.com
fly-baby.net,fly-baby.net
Harbour Lifestyle,harbourlifestyle.co.uk
MUJI,muji.com
Get Laid Beds UK,getlaidbeds.co.uk
Garvee DE,garvee.com
Sitheim,sitheim.de
Zara Home IE,zarahome.com
Woodies.ie,woodies.ie
RayGar Direct,raygar.com
Mobili Rebecca,obi.de
Pastform Furniture - IT,pastform.it
Eichholtz Amsterdam BV,eichholtz.com
Vipp,vipp.com
Arenaa.es,arenaa.es
Green Living,greenliving.com
Liang & Eimil,liangandeimil.com
Monde Singulier,mondesingulier.com
eBay - 95clarksonw,ebay.com
eBay - digitronics.ltd,ebay.com
Bosbedden.nl,bosbedden.nl
eBay - jaspertrading,ebay.com
eBay - ndsolutionsp,ebay.com
Amazon.pl,amazon.pl
eBay - e-kenystore,ebay.com
handmadezz.com,handmadezz.com
La Redoute PT,laredoute.fr
Cabeceiras.pt,cabeceiras.pt
Zara Home CH,zarahome.com
techstudio.ch,techstudio.ch
Bone Inlay Furnitures,boneinlayfurnitures.com
Zara Home NO,zarahome.com
Illumsbolighus.no,illumsbolighus.no
Interiorshoppen.no,interiorshoppen.no
eBay - boigling,ebay.com
sweeek.co.uk,sweeek.co.uk
songmics.de,songmics.de
loftattitude.com,loftattitude.com
beds-sofas-bedding.com,beds-sofas-bedding.com
House of Jaipur,houseofjaipur.com
eBay - royal-house-antiques,ebay.com
Bibelotandco.fr,bibelotandco.fr
berke.,berke.com
Hansa Handicraft,hansahandicraft.com
eBay - debenhamantiques,ebay.com
Furnlux,furnlux.com
lifetimekidsrooms.com,lifetimekidsrooms.com
ubuy.co.no,ubuy.co.no
KidooCrafts,kidoocrafts.com
Bedkingdom.co.uk,bedkingdom.co.uk
Dream Home Store,dreamhomestore.co.uk
u-buy.co.uk,u-buy.co.uk
Wickey.co.uk,wickey.co.uk
vidaXL.co.uk,vidaxl.co.uk
Snapklik.com,snapklik.com
homediscount.co.uk,homediscount.co.uk
Small Kins,smallkins.com
wconcept.com,wconcept.com
eBay - mikan-koneko.tokyo,ebay.com
bibex.de,bibex.de
moebel-direkt.de,moebel-direkt.de
Luksusbaby.com,luksusbaby.com
eBay - marlux-meble,ebay.com
Hood.de - Hood Feed,hood.de
eBay - mhstarukltd,ebay.com
eBay - bedplanet1,ebay.com
Miroytengo.es,miroytengo.es
Lidl.es,lidl.es
fruugo.es,fruugo.es
vevor.es,vevor.es
eBay - ukhome-47,ebay.com
Kideco,kideco.com
Aubert,aubert.com
AliExpress - AliExpress-7237830624,aliexpress.com
AliExpress - AliExpress-6433497120,aliexpress.com
Cozykids.gr,cozykids.gr
My Furniture GR,my-furniture.com
hippopo.gr,hippopo.gr
designnest.gr,designnest.gr
kids-casa.com,kids-casa.com
Nue Modern,nuemodern.com
IndianShelf.com,indianshelf.com
woon-meubel.nl,woon-meubel.nl
dutchhome.hu,dutchhome.hu
eBay - hi5homefurniturecouk,ebay.com
Castle Davitt Furniture,castledavitt.ie
AJ Products,ajproducts.com
Murphy Home,murphyhome.ie
Hegartys Home Interiors,hegartys.ie
ambivalenz.org,ambivalenz.org
ricciolinihome.com,ricciolinihome.com
Lazzoni Nederland,lazzoni.com
Lkikos.com,lkikos.com
sklepcomplet.com.pl,sklepcomplet.com.pl
Sofatey,sofatey.com
Moebro.de,moebro.de
Bohus,bohus.no
Rum21.no,rum21.no
aword.no,aword.no
westwing.no,westwing.no
Boligcenter.dk,boligcenter.dk
eBay - gendryer,ebay.com
Nordi.dk,nordi.dk
eBay - dynamic_computingav,ebay.com
tectake.es,tectake.es
yourspares.co.uk,yourspares.co.uk
Alma Home&Decor,almahome.com
Tropilex.com,tropilex.com
Cdon.fi,cdon.fi
eBay - premieronlineshoppingltd,ebay.com
eBay - brits-elegant-deals,ebay.com
eBay - ashgil.12,ebay.com
eBay - hsi-global-ltd,ebay.com
eBay - oscaltab,ebay.com
Etsy - WICKEROO,etsy.com
Proregal,proregal.de
Chr-market-france.fr,chr-market-france.fr
beliani.hu,beliani.hu
Dyke & Dean,dykeanddean.com
tectake.it,tectake.it
BricoMarket,brico.be
vidaXL.nl,vidaxl.nl
Huismerken.nl,huismerken.nl
LifeDeals.com,lifedeals.com
en.gamookulmobilyalari.com.tr,en.gamookulmobilyalari.com
Yaasa,yaasa.com
La Redoute DE,laredoute.fr
OTTO Office,otto.de
Maidesite.de,maidesite.de
Mooris.de,mooris.de
eBay - woltu24,ebay.com
uber-modern,uber-modern.com
Longhoshop,longho.it
office-japan.jp,office-japan.jp
NordicNest.dk,nordicnest.dk
eBay - garden.home.furniture,garden.home.furniture
Offeco,offeco.it
La Redoute ES,laredoute.fr
westwing.es,westwing.es
Officinca.es,officinca.es
Banoidea.com,banoidea.com
eBay - faisal_options,ebay.com
fntiquellc.com,fntiquellc.com
einrichten-design.fr,einrichten-design.fr
Darty,darty.com
BUT Marketplace,but.fr
AliExpress - AliExpress-6059078299,aliexpress.com
joybuy.fr,joybuy.fr
Cairo.fr,cairo.fr
Neuvar UK,neuvar.com
Huntoffice.ie,huntoffice.ie
Office.ie,office.ie
Foy & Company,foyandcompany.ie
kaiserkraft.ie,kaiserkraft.ie
Beechmount Furniture,beechmountfurniture.ie
denios.ie,denios.ie
songmics.it,songmics.it
AGOF Store,agofstore.com
kaiserkraft.it,kaiserkraft.it
Gear4music.it,gear4music.it
akord-mobili.it,akord-mobili.it
eBay - furniture_factory,ebay.com
eBay - your_furniture_plc,ebay.com
eBay - homefurnitureuk,ebay.com
Etsy - EuVintageGallery,etsy.com
KITmuebles.com,kitmuebles.com
SummerCedar.com,summercedar.com
Allights.com,allights.com
eBay - barnardos_charity,ebay.com
eBay - hezefurniture,ebay.com
eBay - carer4you,ebay.com
eBay - waddtown,ebay.com
eBay - ilyfurni2,ebay.com
eBay - joseph-james-furniture-outlet,ebay.com
eBay - eco-woodprojects,ebay.com
eBay - robin444,ebay.com
eBay - the_retro_club,ebay.com
eBay - retail_king,ebay.com
cfurniture.ie,cfurniture.ie
Buy It Direct Ireland,buyitdirect.ie
carricksuitedreams.ie,carricksuitedreams.ie
VOX.pl,vox.pl
eBay - dreamscapebeds,ebay.com
eBay - direct-online-houseware,ebay.com
Den 7. Himmel,den7himmel.dk
Garvee ES,garvee.com
eBay - uk.primenest,ebay.com
eBay - the-bed-slats-company,ebay.com
eBay - addurnltd.furniture,addurnltd.furniture
ogelbeds.ie,ogelbeds.ie
Furniture Next Day,next.co.uk
Amazon.nl - Seller,amazon.nl
Alibaba.com,alibaba.com
design-bestseller.nl,design-bestseller.nl
AliExpress - AliExpress-6046168791,aliexpress.com
ofinto.ch,ofinto.ch
yaasa.ch,yaasa.ch
niste.ch,niste.ch
Kasa-Store.com,kasa-store.com
thewoodhug.com,thewoodhug.com
Currys,currys.co.uk
BiGDUG,bigdug.co.uk
furnish.co.uk,furnish.co.uk
Cellbell.in,cellbell.in
select-interiorworld.com,select-interiorworld.com
einrichten-design.at,einrichten-design.at
MASH Living,mashliving.com
eBay - wptuning,ebay.com
medsolut.com,medsolut.com
Schäfer Shop BE - GSE,schaefer-shop.de
Secretlab EU,secretlab.co
Raptor Supplies EU,raptorsupplies.com
Markanto.de,markanto.de
joybuy.de,joybuy.de
Mediamarkt Marketplace DE,mediamarkt.de
Joom,joom.com
Witre.dk,witre.dk
Ergopartner.dk,ergopartner.dk
eBay - nyxi-uk,ebay.com
Lensvelt,lensvelt.nl
Ergowebshop,ergowebshop.com
tulispace.com,tulispace.com
bonbon.co.uk,bonbon.co.uk
Bed Republic,bedrepublic.co.uk
Mille Notti,millenotti.com
Workdeco,workdeco.com
sovala.fr,sovala.fr
Upstairs Downstairs,upstairsdownstairs.ie
The Sleep Shop.ie,shop.ie
PristineBeds.co.uk,pristinebeds.co.uk
mattress.ie,mattress.ie
Abbey Furniture - Home & Interiors,abbeyfurniture.ie
mussner.com,mussner.com
vente-unique.nl,vente-unique.nl
AsmiStore - ERLI.pl,erli.pl
klarstein.ch,klarstein.ch
Campingbedarf24.ch,campingbedarf24.ch
Lisel.de,lisel.de
Svenssons.no,svenssons.no
eBay - affinity-int,ebay.com
Sleepo.no,sleepo.no
! OutdoorXL.com,outdoorxl.com
fatboy.com,fatboy.com
deubaxxl.co.uk,deubaxxl.co.uk
Morrisons.com,morrisons.com
GardenFurnitureWorld.co.uk,gardenfurnitureworld.co.uk
lafuma-furniture.co.uk,lafuma-furniture.co.uk
Royal Design UK,royaldesign.com
Costway.co.uk,costway.co.uk
bauhaus.at,bauhaus.at
eBay - craft_mall,ebay.com
eBay - sunnimixmylove,ebay.com
AliExpress - AliExpress-6525527916,aliexpress.com
bobohome.de,bobohome.de
AliExpress - AliExpress-2679888265,aliexpress.com
AliExpress - AliExpress-6001248018,aliexpress.com
eBay - bigbasketuk1,ebay.com
AliExpress - AliExpress-6003487424,aliexpress.com
AliExpress - AliExpress-2683200107,aliexpress.com
eBay - bargaindiscountdeals-uk,ebay.com
eBay - zeduk2,ebay.com
eBay - uk-discountdeals,ebay.com
AliExpress - AliExpress-252489556,aliexpress.com
eBay - audab-outdoors,ebay.com
eBay - houseofshopping.ltd,ebay.com
eBay - smithst15,ebay.com
eBay - kwikley,ebay.com
eBay - az-bargain,ebay.com
eBay - perfect-garden2,ebay.com
eBay - unique-home-furniture,ebay.com
AliExpress - AliExpress-6001243479,aliexpress.com
AliExpress - AliExpress-6691948026,aliexpress.com
AKKE.store,akke.store
solidmade.at,solidmade.at
mysnowflake.ch,mysnowflake.ch
McGrocer,mcgrocer.com
4mybaby.ch,4mybaby.ch
eBay - priceattackshop,ebay.com
The Furniture Market.co.uk,market.co.uk
Ambrose Wilson,ambrosewilson.com
home24.at,home24.at
Kaufland.de - Babylike,kaufland.de
Ebuy24.at,ebuy24.at
Myhomemobler.dk,myhomemobler.dk
eBay - 4atrendsltd,ebay.com
Bauhaus,bauhaus.info
eBay - bergari,ebay.com
eBay - ds-store,ebay.com
O-sofa.ie,o-sofa.ie
IKEA Italia,ikea.com
home24.ch,home24.ch
Choice Furniture,choicefurniture.co.uk
Phantom Furniture UK,phantomfurniture.com
Love Furniture Belfast,lovefurniture.ie
eBay - eluks_furniture,ebay.com
eBay - styleheaven,ebay.com
bett1.at,bett1.at
smartbett.eu,smartbett.eu
eBay - am-quali,ebay.com
Whisper Organics,whisperorganics.com
Interieur-shop.nl,interieur-shop.nl
Senso-Care.nl,senso-care.nl
Kaufland.pl - vidaXL,kaufland.pl
KuantoKusta,kuantokusta.pt
vidaXL.pt,vidaxl.pt
zaap.ch,zaap.ch
gartentisch-shop.ch,gartentisch-shop.ch
Alexander Rose,alexander-rose.co.uk
GardenBenches.com,gardenbenches.com
SLF24.co.uk,slf24.co.uk
fritz-sitzsack.at,fritz-sitzsack.at
Infabbrica.com,infabbrica.com
klarstein.be,klarstein.be
onlinebaufuchs.de,onlinebaufuchs.de
PROFISHOP.de,profishop.de
klarstein.de,klarstein.de
Fischdeal.de,fischdeal.de
PlayOffside.com,playoffside.com
auna.de,auna.de
metro.de,metro.de
Interiorshop.dk,interiorshop.dk
eBay - onlineappliances555,ebay.com
eBay - bisoncommerce,ebay.com
Carved Decor,carveddecor.com
www.chiarastellacattana.com,www.chiarastellacattana.com
AMF Furniture,amffurniture.co.uk
Urban Deco,urbandeco.co.uk
Livingdesign.be,livingdesign.be
cozysit.com,cozysit.com
Connox.de,connox.de
eBay - mcc_outlet,ebay.com
eBay - hellobabydirect,ebay.com
eBay - tadztrading,ebay.com
reshopper.com,reshopper.com
Nani Berlin,naniberlin.com
CampFeuer,campfeuer.de
Molly Meg,mollymeg.com
Baby&More,babyandmore.com
Helinox Europe,helinox.eu
eBay - mmauk2012,ebay.com
deco-de-heros.com,deco-de-heros.com
Bébé9,bebe9.com
o3baby.com.hk,o3baby.com.hk
babydream.gr,babydream.gr
Zara Home HU,zarahome.com
Smyths Toys,smyths.com
Baby Elegance,babyelegance.com
kaliedy.com,kaliedy.com
Babycareshop.ie,babycareshop.ie
BestForBaby.ie,bestforbaby.ie
hauck.de,hauck.de
nl.costway.com,nl.costway.com
Amazon.nl - Retail,amazon.nl
AliExpress - AliExpress-6432006545,aliexpress.com
Babyentiener.nl,babyentiener.nl
eBay - xtreme.traders,ebay.com
SportFits - NL,sportfits.com
Zara Home GR,zarahome.com
Italpouf.com,italpouf.com
eBay - bagisthan,ebay.com
Versanis COM,versanis.com
eBay - feather-feel,ebay.com
Etsy - HomeDecorBench,etsy.com
Home-tex.com,home-tex.com
eBay - newgadgets_store,ebay.com
eBay - the_english_footstool_company,ebay.com
eBay - crafts-touch,ebay.com
eBay - shakun-leather-journal,ebay.com
eBay - crafts-india,ebay.com
market24.gr,market24.gr
eBay - textiles-direct-uk,ebay.com
eBay - handicraftganesha,ebay.com
Four Walls,fourwalls.co.uk
eBay - leather_bagseller,ebay.com
mindigbutor.hu,mindigbutor.hu
eBay - carolinescushions,ebay.com
eBay - signature_upholstery,ebay.com
FutonLove.com,futonlove.com
eBay - homedecorforless,ebay.com
eBay - handicraft-palace,ebay.com
eBay - maravi_uk,ebay.com
eBay - lightningdeals2016,ebay.com
eBay - williamandirene,ebay.com
eBay - hrcolor_ca,ebay.com
eBay - poufspillows,ebay.com
sicaan.ie,sicaan.ie
Online Home Shop,onlinehomeshop.com
AliExpress - AliExpress-231133876,aliexpress.com
Etsy - kilimpillowkingdom,etsy.com
AliExpress - AliExpress-233676069,aliexpress.com
ShopStreet.ie,shopstreet.ie
AliExpress - AliExpress-230918226,aliexpress.com
Mjuk.com,mjuk.com
The Design Lover,thedesignlover.com
Zara Home NL,zarahome.com
eBay - artisanatfrommorocco,ebay.com
Zara Home PL,zarahome.com
Gear4music.ch,gear4music.ch
Ellos.NO,ellos.no
eBay - textileshub,ebay.com
eBay - panache786,ebay.com
Sofas & Stuff,sofasandstuff.com
Barstools.co.uk,barstools.co.uk
tectake.co.uk,tectake.co.uk
My furniture,my-furniture.com
OK-living.be,ok-living.be
Kaufland.de - riess-ambiente,kaufland.de
Kaufland.de - koma-shop,kaufland.de
Hood.de - koma shop,hood.de
eBay - thenookchic,ebay.com
BoConcept Danmark,boconcept.com
eBay - coreproductsltd,ebay.com
bolia.com/fr-fr,bolia.com
eBay - florafurniture,ebay.com
eBay - mara-9524,ebay.com
eBay - melodymaison,ebay.com
lemonakishome.gr,lemonakishome.gr
OrchideaMilano1981,orchideamilano.com
ok-living.it,ok-living.it
Interiorshop.com,interiorshop.com
Sinnerup.de,sinnerup.de
USM,usm.com
home24.de,home24.de
Kaufland.de - Komfott,kaufland.de
Kaufland.de - MERAX,kaufland.de
Aosom.de,aosom.de
Meublorama.com,meublorama.com
spacerebels.it,spacerebels.it
Kaufland.de - tradesw,kaufland.de
mömax.de,max.de
feco.de,feco.de
Kaufland.de - SUGIFT,kaufland.de
Maison En Vogue de,maisonenvogue.co.uk
USM-Haller-Breitinger,usm.com
Trademax.dk,trademax.dk
hifi-zubehoer.shop,hifi-zubehoer.shop
AndLight.dk,andlight.dk
Vente-unique.dk,vente-unique.dk
Expomueble.es,expomueble.es
Costway.es,costway.es
holity.es,holity.es
westwing.fi,westwing.fi
eBay - mewsltd,ebay.com
Rum21.fi,rum21.fi
Vuodevaatteet.fi,vuodevaatteet.fi
bstore.eu,bstore.eu
meubles-gontier.com,meubles-gontier.com
Maisonetstyles.com,maisonetstyles.com
Kare,kare-design.com
Paris-prix.com,paris-prix.com
idimex.fr,idimex.fr
So-inside.com,so-inside.com
But,but.fr
easymeubles.fr,easymeubles.fr
massivmoebel24.fr,massivmoebel24.fr
Rue du Commerce Marketplace,rueducommerce.fr
metro.fr,metro.fr
showroomprive.com,showroomprive.com
Conforama,conforama.fr
Pastform Furniture - FR,pastform.it
shopflix.gr,shopflix.gr
Cusack Lighting,cusacklighting.com
AliExpress - AliExpress-6857745175,aliexpress.com
BricoBravo.com,bricobravo.com
Vente-unique.it,vente-unique.it
sweeek.it ikom,sweeek.it
it.noo.ma,noo.ma
www.mondopresepi.com,www.mondopresepi.com
makro.nl,makro.nl
justchairs.eu,justchairs.eu
FunDesign.nl,fundesign.nl
AV-Connection.com,av-connection.com
Normann Copenhagen,normann-copenhagen.com
erfmann-vintage.co.uk,erfmann-vintage.co.uk
Danish-Furniture.dk,danish-furniture.dk
eBay - modernistiks,ebay.com
Ellos.DK,ellos.dk
Pamono.dk,pamono.dk
Bolighuset,bol.com
Etsy - WallDecorSale,etsy.com
Pamono.es,pamono.es
NordicNest.es,nordicnest.es
Etsy - WoodstockvintageNL,etsy.com
divani.store,divani.store
retros-gallery.com,retros-gallery.com
Pamono.fr,pamono.fr
myran.gr,myran.gr
Etsy - CasaFika,etsy.com
Rikih,rikih.com
zzz Pecheur.com Ireland,pecheur.com
eBay - total-fishing-tackle,ebay.com
Valomania.fi,valomania.fi
eBay - fishingtackleandbait1,ebay.com
nordfishing77.at - Angelshop,nordfishing77.at
eBay - clickcartuk,ebay.com
eBay - ashton_discount_outlet,ebay.com
ThuiszorgWebshop.nl,thuiszorgwebshop.nl
Kaufland.fr - GTPLAYER,kaufland.fr
MCombo.de,mcombo.de
AliExpress - AliExpress-6003004878,aliexpress.com
Skroutz.gr,skroutz.gr
Sportfishtackle.com,sportfishtackle.com
keensbelfast.com,keensbelfast.com
! Outdoorxl.co.uk,outdoorxl.co.uk
deubaxxl.it,deubaxxl.it
MediaWorld - Marketplace MediaWorld IT,mediaworld.it
Liberoshopping.eu,liberoshopping.eu
Garvee IT,garvee.com
poltrone-italia.com,poltrone-italia.com
eBay - toysloveit,ebay.com
eBay - electronicmall2017,ebay.com
AliExpress - AliExpress-6302636964,aliexpress.com
AliExpress - AliExpress-6573580713,aliexpress.com
eBay - home-essential-uk,ebay.com
eBay - shabz123,ebay.com
eBay - yiyi59_39,ebay.com
eBay - upclimb_retail_ltd,ebay.com
eBay - homewiseuk,ebay.com
eBay - mainspace,ebay.com
Bonami.it,bonami.it
AliExpress - AliExpress-6894681127,aliexpress.com
fruugo.nl,fruugo.nl
AliExpress - AliExpress-6004761681,aliexpress.com
AliExpress - AliExpress-7895632091,aliexpress.com
Allegro,allegro.pl
Boozt.ch,boozt.ch
AliExpress - AliExpress-6001404025,aliexpress.com
Big Furniture Warehouse,bigfurniturewarehouse.com
Only Oak Furniture,onlyoakfurniture.co.uk
Stemma,emma-mattress.co.uk
eBay - mas_bargains,ebay.com
eBay - yorkshire-homeware-ltd,ebay.com
eBay - theglassdomes,ebay.com
Etsy - LuciaLandaCollection,etsy.com
eBay - londonfine,ebay.com
eBay - beautifullyhandmade,ebay.com
Etsy - RedeemDecor,etsy.com
home24.it,home24.it
Eurobrico.com,eurobrico.com
forbettershops.com,forbettershops.com
AliExpress - AliExpress-7240192080,aliexpress.com
Abitare Interiors,abitareinteriors.com
emeblix.pl,emeblix.pl
mebledlawszystkich.pl,mebledlawszystkich.pl
fruugo.pt,fruugo.pt
buchmann.ch,buchmann.ch
miniatures.com,miniatures.com
eBay - robbiemintosh,ebay.com
eBay - giftshop27,ebay.com
eBay - discount-trading-uk-ltd,ebay.com
Youro,youro.com
restootab.com,restootab.com
restilo.pl,restilo.pl
mgmofficesupplies.ie,mgmofficesupplies.ie
Office Supermarket Ireland,officesupermarket.co.uk
eBay - princegb,ebay.com
ubuy.co.it,ubuy.co.it
Sejfmaster.pl,sejfmaster.pl
eBay - divinegift2010,ebay.com
fermliving.de,fermliving.de
Coolshop.no,coolshop.no
eBay - idit77,ebay.com
eBay - pipedreamfurniture,ebay.com
eBay - unbeatablesales,ebay.com
relaxdays.co.uk,relaxdays.co.uk
LoungeLiving.co.uk,loungeliving.co.uk
eBay - protoyszoom,ebay.com
Hood.de - Furnlux,hood.de
farbenfux.de,farbenfux.de
Boozt.de,boozt.de
eBay - homescapes_outlet,ebay.com
eBay - i.furniture,i.furniture
eBay - littlebagofdreams,ebay.com
eBay - a-2-z-traders,ebay.com
eBay - fresh-new-looks,ebay.com
eBay - chairs-for-little-cherubs,ebay.com
eBay - the_other_place,ebay.com
eBay - storex-uk,ebay.com
eBay - littensco,ebay.com
eBay - metro-furnitureneltd,ebay.com
eBay - acaciahomeuk2011,ebay.com
eBay - haitaogou-au,ebay.com
eBay - dealsforyoultd,ebay.com
eBay - secret-discounts-uk,ebay.com
eBay - savvysurf,ebay.com
Zara Home FI,zarahome.com
eBay - eazyonlineshop,ebay.com
Zara Home FR,zarahome.com
Domus Habitat,habitat.co.uk
AndLight.pl,andlight.pl
Tchibo.pl,tchibo.pl
pt.noo.ma,noo.ma
Lampemesteren.pt,lampemesteren.pt
micasa.ch,micasa.ch
home-light.eu,home-light.eu
Conforama.ch,conforama.ch
pfister.ch,pfister.ch
fr.connox.ch,fr.connox.ch
OTTO'S,otto.de
gonser.ch,gonser.ch
Vente-unique CHFR,vente-unique.com
Trademax.no,trademax.no
Vente-unique.no,vente-unique.no
Mobilificio Marchese,obi.de
westwing.co.uk,westwing.co.uk
gillmorespace.com,gillmorespace.com
mömax.at,max.at
Kaufland.de - extremefurniture,kaufland.de
Flinders.be,flinders.be
lepicur.com,lepicur.com
Manor.ch,manor.ch
Hygiene-Shop.eu,hygiene-shop.eu
eBay - casabella_imports,ebay.com
SoBuy.UK,sobuy.uk
Furn-on.com,furn-on.com
Industerior.co.uk,industerior.co.uk
eBay - dailydealoffers,ebay.com
FormAdore.at,formadore.at
eBay - i_want_wallpaper,ebay.com
www.brandstores.de,www.brandstores.de
Morrealeshop.com,morrealeshop.com
Kaufland.de - Emix24,kaufland.de
eBay - bingo-profi24,ebay.com
Illums Bolighus,bol.com
hjem.dk,hjem.dk
eBay - yajevol2007,ebay.com
somosobjeto.com,somosobjeto.com
eBay - dylex_uk_ltd,ebay.com
eBay - inaya181124,ebay.com
eBay - omstradeuk,ebay.com
eBay - simioustsd,ebay.com
eBay - tradeiq,ebay.com
eBay - theorienthoney,ebay.com
Etsy - LiiStoreCo,etsy.com
Justmall.gr,justmall.gr
ubuy.ie,ubuy.ie
Keanscm.ie,keanscm.ie
Treacys Homevalue,treacys.ie
www.magasin11.com,www.magasin11.com
FinnishDesignShop.it,finnishdesignshop.it
BricoBrico,brico.be
Kees Smit Tuinmeubelen,tuinmeubelshop.nl
Royal Design NL,royaldesign.com
Empik.com,empik.com
belgiardino.pl,belgiardino.pl
Ogrodosfera.pl,ogrodosfera.pl
sofa.pl,sofa.pl
Kaufland.pl - Discountic,kaufland.pl
Meblobranie.pl,meblobranie.pl
Kaufland.pl - Drak-sale,kaufland.pl
Kaufland.pl - The-Living-Store,kaufland.pl
TeamTools24h - ERLI.pl,erli.pl
Kaufland.pl - Discountic-de,kaufland.pl
Brico Depôt PT,brico.be
Vente-unique CHDE,vente-unique.com
preisvogel.ch,preisvogel.ch
fr.vidaxl.ch,fr.vidaxl.ch
Eminza.ch,eminza.ch
hunn.ch,hunn.ch
jvmoebel.ch,jvmoebel.ch
ahoiahoi.ch,ahoiahoi.ch
vidaXL.no,vidaxl.no
Cane-line.no,cane-line.no
eBay - ecomamall,ebay.com
Remood furniture living,remood.com
maanta.eu,maanta.eu
eBay - memorievshop,ebay.com
Josenart.com,josenart.com
Chilli.no,chilli.no
eBay - furniture2018,ebay.com
Nature-baby.com,nature-baby.com
Binnichi.online,binnichi.online
lanomeubels.nl,lanomeubels.nl
AliExpress - AliExpress-6174954871,aliexpress.com
Boots.com,boots.com
divani.store Deutschland,divani.store
Pamono.at,pamono.at
Connox.at,connox.at
AliExpress - AliExpress-6004963588,aliexpress.com
AliExpress - AliExpress-6004718674,aliexpress.com
AliExpress - AliExpress-6358554549,aliexpress.com
AliExpress - AliExpress-6004276905,aliexpress.com
AliExpress - AliExpress-6229996419,aliexpress.com
babyluxury.pl,babyluxury.pl
Kaufland.pl - ucohome,kaufland.pl
ubuy.com.pt,ubuy.com.pt
alaire.pt,alaire.pt
Homary UK,homary.com
stoolsonline.co.uk,stoolsonline.co.uk
Artek,artek.fi
eBay - jb-tools,ebay.com
Songmicshome.be,songmicshome.be
Kaufland.de - Woltu,kaufland.de
Specktrum.dk,specktrum.dk
Royal Design DK,royaldesign.com
Hayche,hay.dk
eBay - furniture-mill-bradford,ebay.com
eBay - ukdaily-26,ebay.com
cosydar-deco.com,cosydar-deco.com
mianzi.in,mianzi.in
AliExpress - AliExpress-6433497110,aliexpress.com
uniquebeds.com,uniquebeds.com
netrauta.fi,netrauta.fi
epiplapms.gr,epiplapms.gr
eBay - versatilevaults,ebay.com
4home.hu,4home.hu
atycoshowroom.es,atycoshowroom.es
sprintbutor.hu,sprintbutor.hu
Modern Design Sofas,moderndesignsofas.ie
Designperte.it,designperte.it
laredoute.nl,laredoute.nl
AliExpress - AliExpress-6003163304,aliexpress.com
KBproducts.pl,kbproducts.pl
docmed.de,docmed.de
Screwfix.com,screwfix.com
Boulies Chairs UK,boulies.com
Kaufland.de - Homlando,kaufland.de
diablochairs.com,diablochairs.com
costway.be,costway.be
u-buy.be,u-buy.be
huanuo.eu,huanuo.eu
Milvu.es,milvu.es
AliExpress - AliExpress-6059363653,aliexpress.com
eBay - superstoreishika,ebay.com
Scan.co.uk,scan.co.uk
Quersus,quersus.com
wohnbedarf.ch,wohnbedarf.ch
buero-point.de,buero-point.de
eBay - tvstandsandavcabinets,ebay.com
kaiserkraft.es,kaiserkraft.es
eBay - thedealstore1414,ebay.com
eBay - morgans_direct,ebay.com
Kaufland.de - Homestyle4u,kaufland.de
Liegewiese - Das Familienbett,liegewiese.de
eBay - ukbri_41,ebay.com
eBay - uktopmart,ebay.com
Kaufland.at - Deuba,kaufland.at
Kaufland.de - Clic-Trade,kaufland.de
gartenhaus-king.de,gartenhaus-king.de
Kaufland.de - Panorama24,kaufland.de
brodrenekomplet.dk,brodrenekomplet.dk
BricoCentro Gamonal,brico.be
eBay - sashtime,ebay.com
officechair-4u.com,officechair-4u.com
Haworth International,haworth.com
compassdesignshop.com,compassdesignshop.com
eBay - newegg,ebay.com
Steelcase NL,steelcase.com
eBay - havenlyfinds-uk,ebay.com
Deloudis.gr,deloudis.gr
eBay - jimmy.g3,ebay.com
eBay - haracenter3,ebay.com
Banggood.com,banggood.com
eBay - rallyshop.pl,rallyshop.pl
nordinahome.ie,nordinahome.ie
reichelt.com,reichelt.com
Euroelectronics.eu,euroelectronics.eu
Andaseat.pl,andaseat.pl
CentrumKrzesel.pl,centrumkrzesel.pl
BlowUpDesign.pl,blowupdesign.pl
Sport Bittl,sport-bittl.com
babymarkt.com ch,babymarkt.com
Transa.ch,transa.ch
sport-bittl.com,sport-bittl.com
Jollyroom.no,jollyroom.no
eBay - fam_hub,ebay.com
Babypark.de,babypark.de
Skandic.de,skandic.de
www.norma24.de,www.norma24.de
AliExpress - AliExpress-6327228839,aliexpress.com
AliExpress - AliExpress-6436679284,aliexpress.com
steybe.de,steybe.de
Recordcase.de,recordcase.de
EASE Education,easeeducation.co.uk
Schäfer Shop NL - GSE,schaefer-shop.de
vevor.co.uk,vevor.co.uk
Importpris.no AS,importpris.no
eBay - ts_domestics,ebay.com
eBay - online4discounts,ebay.com
eBay - bargaindealsonline-uk,ebay.com
MrPRICE.online,mrprice.online
home36.at,home36.at
Connox.nl,connox.nl
Brico Depôt,brico.be
nettoshop.ch,nettoshop.ch
www.kettler.co.uk,www.kettler.co.uk
Kaufland.at - FDS,kaufland.at
Hood.de - Fimous,hood.de
Kaufland.de - www-tronitechnik-de,kaufland.de
Kaufland.de - Relaxdays,kaufland.de
Costway.at,costway.at
eBay - brast24,ebay.com
Kaufland.de - Powerplaynutrition,kaufland.de
eBay - vida-xl,ebay.com
Kaufland.at - vidaXL,kaufland.at
Kaufland.de - VidaXL,kaufland.de
HammockGiant.ie,hammockgiant.ie
futononline.de,futononline.de
Home Detail,homedetail.co.uk
AndLight.at,andlight.at
moebelkompagniet.de,moebelkompagniet.de
AndLight.de,andlight.de
Biva.dk,biva.dk
AndLight.fi,andlight.fi
AliExpress - AliExpress-6001145017,aliexpress.com
iddecoshop.com,iddecoshop.com
eBay - vigenative,ebay.com
PurplePanda.ie,purplepanda.ie
Lampmasters.ie,lampmasters.ie
Dryad Education,dryadeducation.com
misterworker.com,misterworker.com
eBay - dapetz,ebay.com
Kaufland.pl - BelloGiardino,kaufland.pl
tectake.ch,tectake.ch
vivalacasa.ch,vivalacasa.ch
Beliani.ch,beliani.ch
xxxlutz.ch,xxxlutz.ch
Sheds.co.uk,sheds.co.uk
rattangardenfurnitureltd.co.uk,rattangardenfurnitureltd.co.uk
eBay - estexo-home-and-garden,ebay.com
eBay - veronicahill,ebay.com
Tuinmeubelzaak,tuinmeubelshop.nl
Marktkauf.de,marktkauf.de
eBay - infinitedeals776,ebay.com
eBay - puregarden,ebay.com
deubaxxl.es,deubaxxl.es
Lovesofas,lovesofas.co.uk
CareCo,careco.co.uk
Bargainia.com,bargainia.com
Etsy - ShaiCrafteria,etsy.com
cityframes.de,cityframes.de
eBay - stonecraftgallery,ebay.com
Aqua Creations Studio,aquacreations.com
Tomruque Wood Studios,tomruque.com
Etsy - TheUmarCrafts,etsy.com
Bali-Crafts.com,bali-crafts.com
Pastform Furniture,pastform.it
eBay - shelf_racksolutions,ebay.com
AfriArtisan,afriartisan.com
Etsy - UniqueCraftsWorld,etsy.com
bolia.com/es-es,bolia.com
Oficinasmontiel.com,oficinasmontiel.com
NordicNest.fr,nordicnest.fr
Etsy - stoneviaheritage,etsy.com
Lightandshade.de,lightandshade.de
Cotto Wohnen,otto.de
eBay - home_direct_solutions,ebay.com
Love.it,love.it
House of Murphy Furniture & Interiors,murphyfurniture.ie
Nuastyle.com,nuastyle.com
Loft24.nl,loft24.nl
Weber Woonwereld,weberwoonwereld.nl
Kwaliteitwonen.nl,kwaliteitwonen.nl
yarashome.nl,yarashome.nl
AmbienteDirect.nl,ambientedirect.nl
eBay - vladbush63,ebay.com
AliExpress - AliExpress-6055607604,aliexpress.com
eBay - abnfinestuk,ebay.com
AliExpress - AliExpress-6004785902,aliexpress.com
Blacklyte EU,blacklyte.com
Buso Audio,buso-audio.com
eBay - bi-statedeals,ebay.com
eBay - pcarena-bristol,ebay.com
eBay - greatershop,ebay.com
eBay - rinkit_limited,ebay.com
RVSVoordeel,rvsvoordeel.nl
neuvar.com,neuvar.com
Oakywood,oakywood.eu
Geekbuying.com,geekbuying.com
val-u-mail.co.uk,val-u-mail.co.uk
Coolblue.de,coolblue.de
eBay DE,ebay.com
Avocadostore.de,avocadostore.de
sprintis.com,sprintis.com
eBay - pulsarsalesukltd,ebay.com
eBay - ushmaukseller,ebay.com
thomann.ie,thomann.ie
marvoy.ie,marvoy.ie
Kaufland.it - Finebuy De,kaufland.it
www.kas20.nl,www.kas20.nl
juglana.com,juglana.com
skanmoebler.de,skanmoebler.de
design-bestseller.be,design-bestseller.be
nl.vente-unique.be,nl.vente-unique.be
NordicNest.nl,nordicnest.nl
Dalivo.nl,dalivo.nl
Pamono.ch,pamono.ch
sackit.no,sackit.no
Wallis UK,wallis.co.uk
Pamono.co.uk,pamono.co.uk
Beut.co.uk,beut.co.uk
Import Furniture Depot,bricodepot.fr
in-residence.co.uk,in-residence.co.uk
milanari.com,milanari.com
Hood.de - german-interior,hood.de
opulmkt.com,opulmkt.com
eBay - homediscountltd,ebay.com
sminteriores.com,sminteriores.com
eBay - roselandfurnitureco,ebay.com
eBay - the_home_essentials999,ebay.com
IDMarket.com,idmarket.com
songmics.fr,songmics.fr
AliExpress - AliExpress-116730204,aliexpress.com
Kaufland.de - Kobolo-Deutschland,kaufland.de
Kaufland.at - Kobolo-Deutschland,kaufland.at
Shöpping.at,pping.at
moebel-garten.at,moebel-garten.at
brandstores-cane-line.de,brandstores-cane-line.de
Kaufland.de - allaround,kaufland.de
Villa-Schmidt.de,villa-schmidt.de
OBI.at,obi.at
Kaufland.at - BelianiAT,kaufland.at
fashionclinic.com,fashionclinic.com
eBay - dasmoebelwerkgmbh,ebay.com
Bcosy.be,bcosy.be
Kobolo Deutschland,bol.com
tectake.de,tectake.de
Costway.de,costway.de
living-zone.de,living-zone.de
Hornbach - Hornbach Marktplatz,hornbach.de
heute-wohnen.de,heute-wohnen.de
hti-living.de,hti-living.de
voelkner.de - voelkner - Marktplatz,voelkner.de
moebel-shop.de,moebel-shop.de
Vente-unique.de,vente-unique.de
Cdon.dk,cdon.dk
Rum21.dk,rum21.dk
Moderno.dk,moderno.dk
entra.dk,entra.dk
livera.dk,livera.dk
eBay - happy-homewares,ebay.com
eBay - slianne-uk,ebay.com
JMF Mobilier,obi.de
Vert Parc Mobilier,obi.de
maisonboutiquedeco.com,maisonboutiquedeco.com
e-bettenshop.ch,e-bettenshop.ch
Nectar Sleep UK,nectarsleep.com
Land of Beds,landofbeds.co.uk
Next Divan Beds,next.co.uk
eBay - danfuton,ebay.com
eBay - worldwidelectro,ebay.com
Get Laid Beds DE,getlaidbeds.co.uk
de.noo.ma,noo.ma
eBay - absolutedeallimited,ebay.com
e-Dructer.com,e-dructer.com
eBay - bestrending365,ebay.com
Applewood Furniture,applewoodfurniture.co.uk
Etsy - PastosCo,etsy.com
Designinluce,designinluce.com
Kare.nl,kare.nl
Boring Collection,boringcollection.com
Drewniane.tech,drewniane.tech
CeDe.ch,cede.ch
thomann.no,thomann.no
eBay - vedoco,ebay.com
fezibo.co.uk,fezibo.co.uk
Arebos.co.uk Google CSS,arebos.co.uk
ajprodukte.at,ajprodukte.at
jurhan.at,jurhan.at
PROFISHOP.at,profishop.at
Coolblue.be,coolblue.be
holludleoffice.com,holludleoffice.com
Quiesco.com,quiesco.com
ajprodukte.de,ajprodukte.de
Groupon IT,groupon.com
Rijkenberg Tuinmeubelen,tuinmeubelshop.nl
Kaufland.at - AOSOM-DE,kaufland.at
premiumXL24,premiumxl.pl
eBay - naturalstuffuk,ebay.com
eBay - red_apple_av,ebay.com
eBay - furniture345,ebay.com
eBay - renovatorssupplymanufacturing,ebay.com
eBay - creativefurnitureuk,ebay.com
Kaufland.at - Songmicshome,kaufland.at
Cairo.at,cairo.at
babywood.eu,babywood.eu
StinPortaSou.gr,stinportasou.gr
mandiinteriors.ie,mandiinteriors.ie
Kaufland.pl - Prolenta,kaufland.pl
besimo.eu,besimo.eu
interia.studio,interia.studio
Interiors mobiliari & decoracio,obi.de
Verkkokauppa.com,verkkokauppa.com
Nettikaluste.fi,nettikaluste.fi
Siegesetcompagnie.fr,siegesetcompagnie.fr
ASV Mobilier,obi.de
Chaisepro.fr,chaisepro.fr
GK Mobili,obi.de
AliExpress - AliExpress-214150729,aliexpress.com
Hobbybox.ie,hobbybox.ie
Office Deals.nl,deals.nl
Bureaustoelshop.nl,bureaustoelshop.nl
Fotelewarszawa.pl,fotelewarszawa.pl
NordicHome.pl,nordichome.pl
umstuhl.pl,umstuhl.pl
PokochajSwojKregoslup.pl,pokochajswojkregoslup.pl
efekt-style.pl,efekt-style.pl
MebleKoala.pl,meblekoala.pl
stokrzesel.pl,stokrzesel.pl
Smyk.com,smyk.com
labopartner.pl,labopartner.pl
Hairfree.lt,hairfree.lt
eBay - homestreet,ebay.com
altrove.in,altrove.in
Umebluje.pl,umebluje.pl
uniqueroom.ch,uniqueroom.ch
NordicNest.no,nordicnest.no
IDMarket.es,idmarket.es
marabillas.com,marabillas.com
eBay - gillhk,ebay.com
eBay - affordablefurnishingssheffield,ebay.com
eBay - befurnituresales,ebay.com
eBay - casaarredostudio,ebay.com
Boozt.nl,boozt.nl
Boozt.pl,boozt.pl
etaudore.ch,etaudore.ch
bolia.com/nb-no,bolia.com
spuersinn24.de,spuersinn24.de
eBay - naturalgoodsberlin,ebay.com
LimacDesign.com,limacdesign.com
globo-lighting.com,globo-lighting.com
Kaufland.de - Songmics,kaufland.de
Kaufland.de - Brent,kaufland.de
MattressNextDay,next.co.uk
indisches-moebelhaus.at,indisches-moebelhaus.at
eBay - patrickleatherworld_1980,ebay.com
eBay - fr-emporium,ebay.com
eBay - windsorbrowneonline,ebay.com
eBay - bestbuys24.7,ebay.com
eBay - onlinedeals4you,ebay.com
eBay - furniture-point,ebay.com
puszman.com,puszman.com
Ambient Lounge Norge AS,ambientlounge.com
Sofa Club,sofaclub.co.uk
vente-unique.co.uk,vente-unique.co.uk
mynewsofaltd.co.uk,mynewsofaltd.co.uk
Kaufland.de - ucohome,kaufland.de
Kip&Co,kipandco.com.au
Furnea.nl,furnea.nl
bett1.de,bett1.de
Kaufland.de - TBFurniture,kaufland.de
eBay - bett1_bodyguard,ebay.com
eBay - textileplace2014,ebay.com
eBay - the.bed.shop,the.bed.shop
eBay - elite-value-store,ebay.com
Camif,camif.fr
metro.it,metro.it
eBay - materassimiasuite,ebay.com
onsen.eu,onsen.eu
songmics.es,songmics.es
eBay - h-bargains-247,ebay.com
eBay - craft_design,ebay.com
eBay - muhammil-868,ebay.com
eBay - anyas-artfulhome,ebay.com
The Online Lighting Store,theonlinelightingstore.co.uk
eBay - avanti-trendstore24,ebay.com
qsuli.com,qsuli.com
Decovry.com,decovry.com
outdoorweb.eu,outdoorweb.eu
eBay - easytechmart,ebay.com
Maison En Vogue FR,maisonenvogue.co.uk
usm.com,usm.com
bolia.com/de-ch,bolia.com
Gear4music.be,gear4music.be
Kaufland.de - Yaheetech,kaufland.de
ebuy24.dk,ebuy24.dk
altdecor.at,altdecor.at
altdecor.de,altdecor.de
Furnster.de,furnster.de
Ambient Lounge Denmark,ambientlounge.com
Panorama Fabrica de Mobila,obi.de
zinzan.ie,zinzan.ie
eBay - cps-car_parts_store,ebay.com
Etsy - TheMichealCreations,etsy.com
mazzoni.com.pl,mazzoni.com.pl
LOFT Decora,loftdecora.pl
Handgemaakt.eu,handgemaakt.eu
lapainteriordesign.com,lapainteriordesign.com
Shamtam.com,shamtam.com
eBay - thomarkat_0,ebay.com
Luxvic,luxvic.com
Rustic Dreams,rusticdreams.co.uk
Kaufland.de - Shefa,kaufland.de
Swiss Sense NL,swisssense.nl
Swiss Sense BE,swisssense.nl
SleepMax,sleepmax.nl
KlikMeble,klikmeble.pl
Meble.pl,meble.pl
domily.pl,domily.pl
Leafsleep,leafsleep.com
Mercado do Colchão,mercadodocolchao.pt
ColchãoCerto,colchaocerto.pt
Mobitare,obi.de
discomoebel.ch,discomoebel.ch
RattanTree,rattantree.com
moonsleepbeds.co.uk,moonsleepbeds.co.uk
QVC UK,qvcuk.com
Simba,simbasleep.com
Emma UK,emma-mattress.co.uk
Comforest,comforest.co.uk
Freemans,freemans.com
Sofas By Saxon,sofasbysaxon.co.uk
eBay - supply24-de,ebay.com
Kaufland.de - Discountic,kaufland.de
Kaufland.de - Brast24,kaufland.de
Kaufland.de - Dendmitra,kaufland.de
RAW58,raw58.com
ubuy.dk,ubuy.dk
Akomo Kids DE,akomokids.com
Emil & Paula Kids,emilandpaula.com
babymarkt.com de,babymarkt.com
refurbed.de,refurbed.de
KingCamp.com,kingcamp.com
AliExpress - AliExpress-6003811217,aliexpress.com
